/*
Navicat MySQL Data Transfer

Source Server         : 118.123.248.94
Source Server Version : 50510
Source Host           : 118.123.248.94:3306
Source Database       : mfwk

Target Server Type    : MYSQL
Target Server Version : 50510
File Encoding         : 65001

Date: 2011-04-01 10:47:31
*/

SET FOREIGN_KEY_CHECKS=0;

-- ----------------------------
-- Table structure for `T_FRAMEWORK_CLUSTERS`
-- ----------------------------
DROP TABLE IF EXISTS `T_FRAMEWORK_CLUSTERS`;
CREATE TABLE `T_FRAMEWORK_CLUSTERS` (
  `URL` varchar(128) NOT NULL,
  `LOCALHOST` varchar(128) NOT NULL,
  `LASTACTIVETIME` date NOT NULL,
  `LASTSTATUS` char(1) NOT NULL,
  PRIMARY KEY (`URL`,`LOCALHOST`)
) ENGINE=InnoDB DEFAULT CHARSET=utf8;

-- ----------------------------
-- Records of T_FRAMEWORK_CLUSTERS
-- ----------------------------

-- ----------------------------
-- Table structure for `T_FRAMEWORK_CONFIG`
-- ----------------------------
DROP TABLE IF EXISTS `T_FRAMEWORK_CONFIG`;
CREATE TABLE `T_FRAMEWORK_CONFIG` (
  `KEY` varchar(64) NOT NULL,
  `NAME` varchar(64) DEFAULT NULL,
  `VALUE` varchar(256) DEFAULT NULL,
  `DESCRIPTION` varchar(256) DEFAULT NULL,
  `SCOPE` varchar(2) DEFAULT NULL,
  `ADDRESS` varchar(128) NOT NULL,
  PRIMARY KEY (`KEY`,`ADDRESS`)
) ENGINE=InnoDB DEFAULT CHARSET=utf8;

-- ----------------------------
-- Records of T_FRAMEWORK_CONFIG
-- ----------------------------
INSERT INTO `T_FRAMEWORK_CONFIG` VALUES ('imp.framework.clusters.master.url', '集群配置:MASTER服务地址', '0', '集群配置：MASTER服务地址', '0', '0.0.0.0');
INSERT INTO `T_FRAMEWORK_CONFIG` VALUES ('imp.framework.clusters.type', '集群配置:服务器类型', '0', '集群配置：0-SLAVE;1-MASTER', '0', '0.0.0.0');

-- ----------------------------
-- Table structure for `T_FRAMEWORK_CONSTANT`
-- ----------------------------
DROP TABLE IF EXISTS `T_FRAMEWORK_CONSTANT`;
CREATE TABLE `T_FRAMEWORK_CONSTANT` (
  `ID` bigint(20) NOT NULL AUTO_INCREMENT,
  `VALUE` varchar(32) DEFAULT NULL,
  `NAME` varchar(64) DEFAULT NULL,
  `SEQ` smallint(2) DEFAULT NULL,
  `MODELID` smallint(2) DEFAULT NULL,
  PRIMARY KEY (`ID`),
  KEY `FK_FRAMEWORK_CONSTANT` (`MODELID`),
  CONSTRAINT `FK_FRAMEWORK_CONSTANT` FOREIGN KEY (`MODELID`) REFERENCES `T_FRAMEWORK_CONSTANT_MODEL` (`MODELID`) ON UPDATE CASCADE
) ENGINE=InnoDB DEFAULT CHARSET=utf8;

-- ----------------------------
-- Records of T_FRAMEWORK_CONSTANT
-- ----------------------------

-- ----------------------------
-- Table structure for `T_FRAMEWORK_CONSTANT_MODEL`
-- ----------------------------
DROP TABLE IF EXISTS `T_FRAMEWORK_CONSTANT_MODEL`;
CREATE TABLE `T_FRAMEWORK_CONSTANT_MODEL` (
  `MODELID` smallint(2) NOT NULL DEFAULT '0',
  `MODELNAME` varchar(50) DEFAULT NULL,
  PRIMARY KEY (`MODELID`)
) ENGINE=InnoDB DEFAULT CHARSET=utf8;

-- ----------------------------
-- Records of T_FRAMEWORK_CONSTANT_MODEL
-- ----------------------------

-- ----------------------------
-- Table structure for `T_FRAMEWORK_FTP`
-- ----------------------------
DROP TABLE IF EXISTS `T_FRAMEWORK_FTP`;
CREATE TABLE `T_FRAMEWORK_FTP` (
  `FTPALIAS` varchar(64) NOT NULL,
  `USERNAME` varchar(64) DEFAULT NULL,
  `USERPASSWORD` varchar(32) DEFAULT NULL,
  `IP` varchar(15) DEFAULT NULL,
  `PORT` int(6) DEFAULT NULL,
  `DEFAULTPATH` varchar(256) DEFAULT NULL,
  PRIMARY KEY (`FTPALIAS`)
) ENGINE=InnoDB DEFAULT CHARSET=utf8;

-- ----------------------------
-- Records of T_FRAMEWORK_FTP
-- ----------------------------

-- ----------------------------
-- Table structure for `T_FRAMEWORK_HTTP_LOG`
-- ----------------------------
DROP TABLE IF EXISTS `T_FRAMEWORK_HTTP_LOG`;
CREATE TABLE `T_FRAMEWORK_HTTP_LOG` (
  `ID` varchar(20) NOT NULL,
  `OPERATEDATE` datetime NOT NULL,
  `URL` varchar(256) NOT NULL,
  `AID` bigint(20) NOT NULL,
  `PARAMETERS` varchar(2000) DEFAULT NULL,
  `DESCRIPTION` varchar(2000) DEFAULT NULL,
  `REMOTEIP` varchar(15) NOT NULL,
  `OPERATETIME` bigint(20) NOT NULL,
  `LASTURL` varchar(256) DEFAULT NULL,
  `SESSIONID` varchar(128) DEFAULT NULL,
  `SERVER` varchar(128) DEFAULT NULL
) ENGINE=ARCHIVE DEFAULT CHARSET=utf8
/*!50100 PARTITION BY RANGE (to_days(OPERATEDATE))
(PARTITION p201005 VALUES LESS THAN (734289) ENGINE = ARCHIVE,
 PARTITION p201006 VALUES LESS THAN (734319) ENGINE = ARCHIVE,
 PARTITION p201007 VALUES LESS THAN (734350) ENGINE = ARCHIVE,
 PARTITION p201008 VALUES LESS THAN (734381) ENGINE = ARCHIVE,
 PARTITION p201009 VALUES LESS THAN (734411) ENGINE = ARCHIVE,
 PARTITION p201010 VALUES LESS THAN (734442) ENGINE = ARCHIVE,
 PARTITION p201011 VALUES LESS THAN (734472) ENGINE = ARCHIVE,
 PARTITION p201012 VALUES LESS THAN (734503) ENGINE = ARCHIVE,
 PARTITION p201101 VALUES LESS THAN (734534) ENGINE = ARCHIVE,
 PARTITION p201102 VALUES LESS THAN (734562) ENGINE = ARCHIVE,
 PARTITION p201103 VALUES LESS THAN (734593) ENGINE = ARCHIVE,
 PARTITION p201104 VALUES LESS THAN (734623) ENGINE = ARCHIVE,
 PARTITION p201105 VALUES LESS THAN (734654) ENGINE = ARCHIVE,
 PARTITION p201106 VALUES LESS THAN (734684) ENGINE = ARCHIVE,
 PARTITION p201107 VALUES LESS THAN (734715) ENGINE = ARCHIVE,
 PARTITION p201108 VALUES LESS THAN (734746) ENGINE = ARCHIVE,
 PARTITION p201109 VALUES LESS THAN (734776) ENGINE = ARCHIVE,
 PARTITION p201110 VALUES LESS THAN (734807) ENGINE = ARCHIVE,
 PARTITION p201111 VALUES LESS THAN (734837) ENGINE = ARCHIVE,
 PARTITION p201112 VALUES LESS THAN (734868) ENGINE = ARCHIVE,
 PARTITION p201201 VALUES LESS THAN (734899) ENGINE = ARCHIVE,
 PARTITION p201202 VALUES LESS THAN (734928) ENGINE = ARCHIVE,
 PARTITION p201203 VALUES LESS THAN (734959) ENGINE = ARCHIVE,
 PARTITION p201204 VALUES LESS THAN (734989) ENGINE = ARCHIVE,
 PARTITION p201205 VALUES LESS THAN (735020) ENGINE = ARCHIVE,
 PARTITION p201206 VALUES LESS THAN (735050) ENGINE = ARCHIVE,
 PARTITION p201207 VALUES LESS THAN (735081) ENGINE = ARCHIVE,
 PARTITION p201208 VALUES LESS THAN (735112) ENGINE = ARCHIVE,
 PARTITION p201209 VALUES LESS THAN (735142) ENGINE = ARCHIVE,
 PARTITION p201210 VALUES LESS THAN (735173) ENGINE = ARCHIVE,
 PARTITION p201211 VALUES LESS THAN (735203) ENGINE = ARCHIVE,
 PARTITION p201212 VALUES LESS THAN (735234) ENGINE = ARCHIVE,
 PARTITION p201912 VALUES LESS THAN MAXVALUE ENGINE = ARCHIVE) */;

-- ----------------------------
-- Records of T_FRAMEWORK_HTTP_LOG
-- ----------------------------

-- ----------------------------
-- Table structure for `T_FRAMEWORK_IBUS_LOG`
-- ----------------------------
DROP TABLE IF EXISTS `T_FRAMEWORK_IBUS_LOG`;
CREATE TABLE `T_FRAMEWORK_IBUS_LOG` (
  `PROCID` varchar(32) DEFAULT NULL,
  `TRANSID` varchar(32) DEFAULT NULL,
  `DATE1` date DEFAULT NULL,
  `DATE2` date DEFAULT NULL,
  `EXCEPTION` varchar(512) DEFAULT NULL,
  `MESSAGE1A` varchar(2000) DEFAULT NULL,
  `MESSAGE1B` varchar(2000) DEFAULT NULL,
  `MESSAGE1C` varchar(2000) DEFAULT NULL,
  `MESSAGE2A` varchar(2000) DEFAULT NULL,
  `MESSAGE2B` varchar(2000) DEFAULT NULL,
  `MESSAGE2C` varchar(2000) DEFAULT NULL,
  `URL` varchar(512) DEFAULT NULL,
  `SERVER` varchar(128) DEFAULT NULL
) ENGINE=InnoDB DEFAULT CHARSET=utf8;

-- ----------------------------
-- Records of T_FRAMEWORK_IBUS_LOG
-- ----------------------------

-- ----------------------------
-- Table structure for `T_FRAMEWORK_PRI_ACCOUNT`
-- ----------------------------
DROP TABLE IF EXISTS `T_FRAMEWORK_PRI_ACCOUNT`;
CREATE TABLE `T_FRAMEWORK_PRI_ACCOUNT` (
  `ID` bigint(20) NOT NULL AUTO_INCREMENT,
  `NAME` varchar(64) DEFAULT NULL,
  `PASSWORD` varchar(32) DEFAULT NULL,
  `STATUS` smallint(1) DEFAULT NULL,
  `OPERATORCONTACT` varchar(32) DEFAULT NULL,
  `OPERATOR` varchar(128) DEFAULT NULL,
  `ROLEID` bigint(20) DEFAULT NULL,
  `LASTLOGINTIME` datetime DEFAULT NULL,
  `lastpwdmodtime` datetime DEFAULT NULL,
  `CREATETIME` datetime DEFAULT NULL,
  PRIMARY KEY (`ID`)
) ENGINE=InnoDB AUTO_INCREMENT=38 DEFAULT CHARSET=utf8;

-- ----------------------------
-- Records of T_FRAMEWORK_PRI_ACCOUNT
-- ----------------------------
INSERT INTO `T_FRAMEWORK_PRI_ACCOUNT` VALUES ('1', 'adddd', 'e10adc3949ba59abbe56e057f20f883e', '1', 'adddd', null, '5', '2010-06-28 21:13:16', null, null);
INSERT INTO `T_FRAMEWORK_PRI_ACCOUNT` VALUES ('35', 'admin', '4297f44b13955235245b2497399d7a93', '1', 'admin', '系统管理员', '5', null, null, null);
INSERT INTO `T_FRAMEWORK_PRI_ACCOUNT` VALUES ('36', 'admin2', '4297f44b13955235245b2497399d7a93', '1', 'admin2', '业务监控管理', '6', null, null, null);
INSERT INTO `T_FRAMEWORK_PRI_ACCOUNT` VALUES ('37', 'admin1', '4297f44b13955235245b2497399d7a93', '1', 'admin1', '系统监控管理', '7', null, null, null);

-- ----------------------------
-- Table structure for `T_FRAMEWORK_PRI_ACCOUNT_RIGHT`
-- ----------------------------
DROP TABLE IF EXISTS `T_FRAMEWORK_PRI_ACCOUNT_RIGHT`;
CREATE TABLE `T_FRAMEWORK_PRI_ACCOUNT_RIGHT` (
  `ACCOUNTID` bigint(20) NOT NULL,
  `RIGHTID` bigint(20) NOT NULL,
  PRIMARY KEY (`ACCOUNTID`,`RIGHTID`),
  KEY `FK_FRAMEWORK_PRI_ACCOUNT_RIGHT_R` (`RIGHTID`),
  CONSTRAINT `FK_FRAMEWORK_PRI_ACCOUNT_RIGHT_A` FOREIGN KEY (`ACCOUNTID`) REFERENCES `T_FRAMEWORK_PRI_ACCOUNT` (`ID`) ON UPDATE CASCADE,
  CONSTRAINT `FK_FRAMEWORK_PRI_ACCOUNT_RIGHT_R` FOREIGN KEY (`RIGHTID`) REFERENCES `T_FRAMEWORK_PRI_RIGHT` (`ID`) ON UPDATE CASCADE
) ENGINE=InnoDB DEFAULT CHARSET=utf8;

-- ----------------------------
-- Records of T_FRAMEWORK_PRI_ACCOUNT_RIGHT
-- ----------------------------
INSERT INTO `T_FRAMEWORK_PRI_ACCOUNT_RIGHT` VALUES ('1', '0');
INSERT INTO `T_FRAMEWORK_PRI_ACCOUNT_RIGHT` VALUES ('35', '0');
INSERT INTO `T_FRAMEWORK_PRI_ACCOUNT_RIGHT` VALUES ('36', '0');
INSERT INTO `T_FRAMEWORK_PRI_ACCOUNT_RIGHT` VALUES ('37', '0');
INSERT INTO `T_FRAMEWORK_PRI_ACCOUNT_RIGHT` VALUES ('1', '59');
INSERT INTO `T_FRAMEWORK_PRI_ACCOUNT_RIGHT` VALUES ('35', '59');
INSERT INTO `T_FRAMEWORK_PRI_ACCOUNT_RIGHT` VALUES ('37', '59');
INSERT INTO `T_FRAMEWORK_PRI_ACCOUNT_RIGHT` VALUES ('1', '60');
INSERT INTO `T_FRAMEWORK_PRI_ACCOUNT_RIGHT` VALUES ('35', '60');
INSERT INTO `T_FRAMEWORK_PRI_ACCOUNT_RIGHT` VALUES ('36', '60');
INSERT INTO `T_FRAMEWORK_PRI_ACCOUNT_RIGHT` VALUES ('1', '61');
INSERT INTO `T_FRAMEWORK_PRI_ACCOUNT_RIGHT` VALUES ('35', '61');
INSERT INTO `T_FRAMEWORK_PRI_ACCOUNT_RIGHT` VALUES ('36', '61');
INSERT INTO `T_FRAMEWORK_PRI_ACCOUNT_RIGHT` VALUES ('37', '61');
INSERT INTO `T_FRAMEWORK_PRI_ACCOUNT_RIGHT` VALUES ('1', '63');
INSERT INTO `T_FRAMEWORK_PRI_ACCOUNT_RIGHT` VALUES ('35', '63');
INSERT INTO `T_FRAMEWORK_PRI_ACCOUNT_RIGHT` VALUES ('36', '63');
INSERT INTO `T_FRAMEWORK_PRI_ACCOUNT_RIGHT` VALUES ('37', '63');
INSERT INTO `T_FRAMEWORK_PRI_ACCOUNT_RIGHT` VALUES ('1', '64');
INSERT INTO `T_FRAMEWORK_PRI_ACCOUNT_RIGHT` VALUES ('35', '64');
INSERT INTO `T_FRAMEWORK_PRI_ACCOUNT_RIGHT` VALUES ('1', '65');
INSERT INTO `T_FRAMEWORK_PRI_ACCOUNT_RIGHT` VALUES ('35', '65');
INSERT INTO `T_FRAMEWORK_PRI_ACCOUNT_RIGHT` VALUES ('1', '66');
INSERT INTO `T_FRAMEWORK_PRI_ACCOUNT_RIGHT` VALUES ('35', '66');
INSERT INTO `T_FRAMEWORK_PRI_ACCOUNT_RIGHT` VALUES ('1', '67');
INSERT INTO `T_FRAMEWORK_PRI_ACCOUNT_RIGHT` VALUES ('35', '67');
INSERT INTO `T_FRAMEWORK_PRI_ACCOUNT_RIGHT` VALUES ('1', '68');
INSERT INTO `T_FRAMEWORK_PRI_ACCOUNT_RIGHT` VALUES ('35', '68');
INSERT INTO `T_FRAMEWORK_PRI_ACCOUNT_RIGHT` VALUES ('1', '69');
INSERT INTO `T_FRAMEWORK_PRI_ACCOUNT_RIGHT` VALUES ('35', '69');
INSERT INTO `T_FRAMEWORK_PRI_ACCOUNT_RIGHT` VALUES ('1', '70');
INSERT INTO `T_FRAMEWORK_PRI_ACCOUNT_RIGHT` VALUES ('35', '70');

-- ----------------------------
-- Table structure for `T_FRAMEWORK_PRI_EXPLORER`
-- ----------------------------
DROP TABLE IF EXISTS `T_FRAMEWORK_PRI_EXPLORER`;
CREATE TABLE `T_FRAMEWORK_PRI_EXPLORER` (
  `ID` bigint(20) NOT NULL AUTO_INCREMENT,
  `NAME` varchar(64) DEFAULT NULL,
  `PATH` varchar(128) DEFAULT NULL,
  `PARENTID` bigint(20) DEFAULT NULL,
  `RIGHTID` bigint(20) DEFAULT NULL,
  `EORDER` smallint(3) DEFAULT '0',
  PRIMARY KEY (`ID`),
  KEY `FK_FRAMEWORK_PRI_EXPLORER_P` (`PARENTID`),
  KEY `FK_FRAMEWORK_PRI_EXPLORER_A` (`RIGHTID`),
  CONSTRAINT `FK_FRAMEWORK_PRI_EXPLORER_A` FOREIGN KEY (`RIGHTID`) REFERENCES `T_FRAMEWORK_PRI_RIGHT` (`ID`) ON UPDATE CASCADE,
  CONSTRAINT `FK_FRAMEWORK_PRI_EXPLORER_P` FOREIGN KEY (`PARENTID`) REFERENCES `T_FRAMEWORK_PRI_EXPLORER` (`ID`) ON UPDATE CASCADE
) ENGINE=InnoDB AUTO_INCREMENT=210 DEFAULT CHARSET=utf8;

-- ----------------------------
-- Records of T_FRAMEWORK_PRI_EXPLORER
-- ----------------------------
INSERT INTO `T_FRAMEWORK_PRI_EXPLORER` VALUES ('0', '系统导航菜单', '', null, null, '0');
INSERT INTO `T_FRAMEWORK_PRI_EXPLORER` VALUES ('156', '告警系统', null, '0', null, '0');
INSERT INTO `T_FRAMEWORK_PRI_EXPLORER` VALUES ('157', '系统监控', null, '156', '59', '0');
INSERT INTO `T_FRAMEWORK_PRI_EXPLORER` VALUES ('160', '主机监控', null, '157', null, '3');
INSERT INTO `T_FRAMEWORK_PRI_EXPLORER` VALUES ('161', '系统配置', null, '156', '68', '1');
INSERT INTO `T_FRAMEWORK_PRI_EXPLORER` VALUES ('162', '告警日志', 'queryAlarmLog.do', '157', null, '5');
INSERT INTO `T_FRAMEWORK_PRI_EXPLORER` VALUES ('164', '告警信息配置', '', '161', null, '1');
INSERT INTO `T_FRAMEWORK_PRI_EXPLORER` VALUES ('165', ' 成功率展示图', 'curve_success.do', '157', null, '2');
INSERT INTO `T_FRAMEWORK_PRI_EXPLORER` VALUES ('166', '数据库当前客户端连接数监控', 'displayDBClient.do?time=0', '160', null, '4');
INSERT INTO `T_FRAMEWORK_PRI_EXPLORER` VALUES ('177', '服务器CPU监控', 'curve_cpu.do?host=0', '160', null, '0');
INSERT INTO `T_FRAMEWORK_PRI_EXPLORER` VALUES ('178', '网络流量监控', 'curve_netflow.do?host=0', '160', null, '2');
INSERT INTO `T_FRAMEWORK_PRI_EXPLORER` VALUES ('179', '服务器内存监控', 'curve_memory.do?host=0', '160', null, '1');
INSERT INTO `T_FRAMEWORK_PRI_EXPLORER` VALUES ('180', '业务内存使用查看', 'curve_srv.do?host=0', '160', null, '3');
INSERT INTO `T_FRAMEWORK_PRI_EXPLORER` VALUES ('181', '服务器心跳配置', 'queryServerInfo.do', '164', null, '4');
INSERT INTO `T_FRAMEWORK_PRI_EXPLORER` VALUES ('190', '账户管理', null, '156', '61', '2');
INSERT INTO `T_FRAMEWORK_PRI_EXPLORER` VALUES ('193', '修改密码', 'console/cum/account/updatePassword.do', '190', null, '0');
INSERT INTO `T_FRAMEWORK_PRI_EXPLORER` VALUES ('195', '账户权限管理', 'console/cum/right/listAccount.do', '190', null, '0');
INSERT INTO `T_FRAMEWORK_PRI_EXPLORER` VALUES ('198', '系统配置项维护', 'config/query.do', '161', null, '2');
INSERT INTO `T_FRAMEWORK_PRI_EXPLORER` VALUES ('201', '告警联系人维护', 'showListContacts.do', '161', null, '0');
INSERT INTO `T_FRAMEWORK_PRI_EXPLORER` VALUES ('202', '成功率', 'successRate.do', '164', null, '0');
INSERT INTO `T_FRAMEWORK_PRI_EXPLORER` VALUES ('203', 'CPU', 'showListCPU.do', '164', null, '1');
INSERT INTO `T_FRAMEWORK_PRI_EXPLORER` VALUES ('204', '服务器内存', 'showListMemory.do', '164', null, '2');
INSERT INTO `T_FRAMEWORK_PRI_EXPLORER` VALUES ('205', '网络流量', 'showListNetflow.do', '164', null, '3');
INSERT INTO `T_FRAMEWORK_PRI_EXPLORER` VALUES ('206', '业务数据库', 'dataBase.do', '164', null, '4');
INSERT INTO `T_FRAMEWORK_PRI_EXPLORER` VALUES ('207', '客户端数据库连接配置', 'showListDBClient.do', '164', null, '5');
INSERT INTO `T_FRAMEWORK_PRI_EXPLORER` VALUES ('208', '网络连通性配置', 'showListNetConnect.do', '164', null, '6');
INSERT INTO `T_FRAMEWORK_PRI_EXPLORER` VALUES ('209', 'apache（非java）的进程配置', 'showListPorcess.do', '164', null, '7');

-- ----------------------------
-- Table structure for `T_FRAMEWORK_PRI_RIGHT`
-- ----------------------------
DROP TABLE IF EXISTS `T_FRAMEWORK_PRI_RIGHT`;
CREATE TABLE `T_FRAMEWORK_PRI_RIGHT` (
  `ID` bigint(20) NOT NULL AUTO_INCREMENT,
  `CODE` varchar(256) DEFAULT NULL,
  `RIGHTNAME` varchar(64) DEFAULT NULL,
  `PARENTID` bigint(20) DEFAULT NULL,
  `DESCRIPTION` varchar(256) DEFAULT NULL,
  PRIMARY KEY (`ID`)
) ENGINE=InnoDB AUTO_INCREMENT=72 DEFAULT CHARSET=utf8;

-- ----------------------------
-- Records of T_FRAMEWORK_PRI_RIGHT
-- ----------------------------
INSERT INTO `T_FRAMEWORK_PRI_RIGHT` VALUES ('0', 'p.root', '系统权限', null, '系统权限根目录');
INSERT INTO `T_FRAMEWORK_PRI_RIGHT` VALUES ('59', 'mo1', '系统监控', '0', '系统监控');
INSERT INTO `T_FRAMEWORK_PRI_RIGHT` VALUES ('60', 'mo2', '业务监控', '0', '业务监控');
INSERT INTO `T_FRAMEWORK_PRI_RIGHT` VALUES ('61', 'mo5', '账户管理', '0', '账户管理');
INSERT INTO `T_FRAMEWORK_PRI_RIGHT` VALUES ('63', 'mo3', '修改密码', '61', '修改密码');
INSERT INTO `T_FRAMEWORK_PRI_RIGHT` VALUES ('64', 'mo4', '权限管理', '61', '权限管理');
INSERT INTO `T_FRAMEWORK_PRI_RIGHT` VALUES ('65', 'p.password', '修改密码', '63', '修改密码');
INSERT INTO `T_FRAMEWORK_PRI_RIGHT` VALUES ('66', 'p.alarminterf.edit', '接口配置', '0', '接口配置修改');
INSERT INTO `T_FRAMEWORK_PRI_RIGHT` VALUES ('67', 'p.alarminterfcfg.edit', '时间段配置', '0', '新增修改接口时间段配置');
INSERT INTO `T_FRAMEWORK_PRI_RIGHT` VALUES ('68', 'p.system.edit', '系统配置', '59', '修改系统配置');
INSERT INTO `T_FRAMEWORK_PRI_RIGHT` VALUES ('69', 'p.config.edit', '配置维护', '68', '配置维护项');
INSERT INTO `T_FRAMEWORK_PRI_RIGHT` VALUES ('70', 'p.server.edit', '服务器维护', '68', '服务器维护');

-- ----------------------------
-- Table structure for `T_FRAMEWORK_PRI_ROLE`
-- ----------------------------
DROP TABLE IF EXISTS `T_FRAMEWORK_PRI_ROLE`;
CREATE TABLE `T_FRAMEWORK_PRI_ROLE` (
  `ID` bigint(20) NOT NULL AUTO_INCREMENT,
  `NAME` varchar(128) DEFAULT NULL,
  `DESCRIPTION` varchar(256) DEFAULT NULL,
  PRIMARY KEY (`ID`)
) ENGINE=InnoDB AUTO_INCREMENT=8 DEFAULT CHARSET=utf8;

-- ----------------------------
-- Records of T_FRAMEWORK_PRI_ROLE
-- ----------------------------
INSERT INTO `T_FRAMEWORK_PRI_ROLE` VALUES ('3', 'IMP管理员', '平台业务员');
INSERT INTO `T_FRAMEWORK_PRI_ROLE` VALUES ('5', 'admin', '全系统管理');
INSERT INTO `T_FRAMEWORK_PRI_ROLE` VALUES ('6', 'business', '业务监控');
INSERT INTO `T_FRAMEWORK_PRI_ROLE` VALUES ('7', 'system', '系统监控');

-- ----------------------------
-- Table structure for `T_FRAMEWORK_PRI_ROLE_RIGHT`
-- ----------------------------
DROP TABLE IF EXISTS `T_FRAMEWORK_PRI_ROLE_RIGHT`;
CREATE TABLE `T_FRAMEWORK_PRI_ROLE_RIGHT` (
  `ROLEID` bigint(20) NOT NULL,
  `RIGHTID` bigint(20) NOT NULL,
  PRIMARY KEY (`ROLEID`,`RIGHTID`),
  KEY `FK_FRAMEWORK_PRI_ROLE_RIGHT_RI` (`RIGHTID`),
  CONSTRAINT `FK_FRAMEWORK_PRI_ROLE_RIGHT_RI` FOREIGN KEY (`RIGHTID`) REFERENCES `T_FRAMEWORK_PRI_RIGHT` (`ID`) ON UPDATE CASCADE,
  CONSTRAINT `FK_FRAMEWORK_PRI_ROLE_RIGHT_RO` FOREIGN KEY (`ROLEID`) REFERENCES `T_FRAMEWORK_PRI_ROLE` (`ID`) ON UPDATE CASCADE
) ENGINE=InnoDB DEFAULT CHARSET=utf8;

-- ----------------------------
-- Records of T_FRAMEWORK_PRI_ROLE_RIGHT
-- ----------------------------
INSERT INTO `T_FRAMEWORK_PRI_ROLE_RIGHT` VALUES ('5', '0');
INSERT INTO `T_FRAMEWORK_PRI_ROLE_RIGHT` VALUES ('6', '0');
INSERT INTO `T_FRAMEWORK_PRI_ROLE_RIGHT` VALUES ('7', '0');
INSERT INTO `T_FRAMEWORK_PRI_ROLE_RIGHT` VALUES ('5', '59');
INSERT INTO `T_FRAMEWORK_PRI_ROLE_RIGHT` VALUES ('7', '59');
INSERT INTO `T_FRAMEWORK_PRI_ROLE_RIGHT` VALUES ('5', '60');
INSERT INTO `T_FRAMEWORK_PRI_ROLE_RIGHT` VALUES ('6', '60');
INSERT INTO `T_FRAMEWORK_PRI_ROLE_RIGHT` VALUES ('5', '61');
INSERT INTO `T_FRAMEWORK_PRI_ROLE_RIGHT` VALUES ('6', '61');
INSERT INTO `T_FRAMEWORK_PRI_ROLE_RIGHT` VALUES ('7', '61');
INSERT INTO `T_FRAMEWORK_PRI_ROLE_RIGHT` VALUES ('5', '63');
INSERT INTO `T_FRAMEWORK_PRI_ROLE_RIGHT` VALUES ('6', '63');
INSERT INTO `T_FRAMEWORK_PRI_ROLE_RIGHT` VALUES ('7', '63');
INSERT INTO `T_FRAMEWORK_PRI_ROLE_RIGHT` VALUES ('5', '64');
INSERT INTO `T_FRAMEWORK_PRI_ROLE_RIGHT` VALUES ('5', '65');
INSERT INTO `T_FRAMEWORK_PRI_ROLE_RIGHT` VALUES ('5', '66');
INSERT INTO `T_FRAMEWORK_PRI_ROLE_RIGHT` VALUES ('6', '66');
INSERT INTO `T_FRAMEWORK_PRI_ROLE_RIGHT` VALUES ('7', '66');
INSERT INTO `T_FRAMEWORK_PRI_ROLE_RIGHT` VALUES ('5', '67');
INSERT INTO `T_FRAMEWORK_PRI_ROLE_RIGHT` VALUES ('6', '67');
INSERT INTO `T_FRAMEWORK_PRI_ROLE_RIGHT` VALUES ('7', '67');
INSERT INTO `T_FRAMEWORK_PRI_ROLE_RIGHT` VALUES ('5', '68');
INSERT INTO `T_FRAMEWORK_PRI_ROLE_RIGHT` VALUES ('7', '68');
INSERT INTO `T_FRAMEWORK_PRI_ROLE_RIGHT` VALUES ('5', '69');
INSERT INTO `T_FRAMEWORK_PRI_ROLE_RIGHT` VALUES ('7', '69');
INSERT INTO `T_FRAMEWORK_PRI_ROLE_RIGHT` VALUES ('5', '70');
INSERT INTO `T_FRAMEWORK_PRI_ROLE_RIGHT` VALUES ('7', '70');

-- ----------------------------
-- Table structure for `T_FRAMEWORK_SCHEDULE`
-- ----------------------------
DROP TABLE IF EXISTS `T_FRAMEWORK_SCHEDULE`;
CREATE TABLE `T_FRAMEWORK_SCHEDULE` (
  `ID` bigint(20) NOT NULL AUTO_INCREMENT,
  `TASKNAME` varchar(64) DEFAULT NULL,
  `DESCRIPTION` varchar(256) DEFAULT NULL,
  `STATUS` smallint(1) DEFAULT NULL,
  `CEXP` varchar(64) DEFAULT NULL,
  `BEANNAME` varchar(128) DEFAULT NULL,
  `METHODNAME` varchar(128) DEFAULT NULL,
  `CONCURRENT` smallint(1) DEFAULT '0',
  `HOSTIP` varchar(128) DEFAULT NULL,
  `PARAMETER` varchar(128) DEFAULT NULL,
  PRIMARY KEY (`ID`)
) ENGINE=InnoDB AUTO_INCREMENT=10 DEFAULT CHARSET=utf8;

-- ----------------------------
-- Records of T_FRAMEWORK_SCHEDULE
-- ----------------------------
INSERT INTO `T_FRAMEWORK_SCHEDULE` VALUES ('8', 'testscript', '测试脚本', '0', '0 0/1 * * * ?', 'ScriptExecutManagerFacade', 'executeScript', '0', null, 'test|js');

-- ----------------------------
-- Table structure for `T_FRAMEWORK_SCRIPT`
-- ----------------------------
DROP TABLE IF EXISTS `T_FRAMEWORK_SCRIPT`;
CREATE TABLE `T_FRAMEWORK_SCRIPT` (
  `ID` varchar(128) NOT NULL,
  `NAME` varchar(256) NOT NULL,
  `CONTENT` text NOT NULL,
  `LOADDATE` date NOT NULL,
  PRIMARY KEY (`ID`)
) ENGINE=InnoDB DEFAULT CHARSET=utf8;

-- ----------------------------
-- Records of T_FRAMEWORK_SCRIPT
-- ----------------------------
INSERT INTO `T_FRAMEWORK_SCRIPT` VALUES ('test', 'test', 'println(\'fuck you in jsscript engin.\');', '2011-03-30');

-- ----------------------------
-- Table structure for `T_FRAMEWORK_SV_LIMIT`
-- ----------------------------
DROP TABLE IF EXISTS `T_FRAMEWORK_SV_LIMIT`;
CREATE TABLE `T_FRAMEWORK_SV_LIMIT` (
  `ID` varchar(32) NOT NULL,
  `URI` varchar(2048) NOT NULL,
  `LIMITTYPE` varchar(2) NOT NULL,
  `LIMITTIME` decimal(10,0) NOT NULL,
  `LIMITNUM` decimal(4,0) DEFAULT NULL
) ENGINE=InnoDB DEFAULT CHARSET=utf8;

-- ----------------------------
-- Records of T_FRAMEWORK_SV_LIMIT
-- ----------------------------
